ja	en	vi
会議を始めましょう。	Let's start the meeting.	Hãy bắt đầu cuộc họp.
本日の議題を確認します。	Let's confirm today's agenda.	Hãy xác nhận chương trình nghị sự hôm nay.
まず前回のアクションアイテムを確認します。	First, let's review the action items from last time.	Đầu tiên, hãy xem lại các mục hành động từ lần trước.
ご意見をお聞かせください。	Please share your opinion.	Vui lòng chia sẻ ý kiến của bạn.
もう少し詳しく説明していただけますか？	Could you explain in a bit more detail?	Bạn có thể giải thích chi tiết hơn không?
ご質問はありますか？	Do you have any questions?	Bạn có câu hỏi nào không?
それについて後で確認します。	I will confirm that later.	Tôi sẽ xác nhận điều đó sau.
次のアジェンダに移りましょう。	Let's move to the next agenda item.	Hãy chuyển sang mục chương trình tiếp theo.
本日の会議のまとめをします。	Let me summarize today's meeting.	Để tôi tóm tắt cuộc họp hôm nay.
次回の会議は来週月曜日に予定しています。	The next meeting is scheduled for Monday next week.	Cuộc họp tiếng tới dự kiến vào thứ Hai tuần sau.
アクションアイテムを確認しましょう。	Let's confirm the action items.	Hãy xác nhận các mục hành động.
担当者を決めてください。	Please decide on the person in charge.	Vui lòng quyết định người phụ trách.
期限はいつですか？	What is the deadline?	Hạn chót là khi nào?
進捗状況を教えてください。	Please tell me the progress status.	Vui lòng cho tôi biết tình trạng tiến độ.
問題が発生しました。	A problem has occurred.	Đã xảy ra sự cố.
解決策を検討しましょう。	Let's consider a solution.	Hãy xem xét giải pháp.
リスクを評価する必要があります。	We need to assess the risk.	Chúng ta cần đánh giá rủi ro.
スケジュールを調整しましょう。	Let's adjust the schedule.	Hãy điều chỉnh lịch trình.
リソースが不足しています。	Resources are insufficient.	Tài nguyên không đủ.
優先度を見直しましょう。	Let's review the priorities.	Hãy xem lại các ưu tiên.
承認をお願いします。	Please provide your approval.	Vui lòng phê duyệt.
確認メールを送ります。	I will send a confirmation email.	Tôi sẽ gửi email xác nhận.
資料を共有してください。	Please share the materials.	Vui lòng chia sẻ tài liệu.
画面を共有します。	I will share my screen.	Tôi sẽ chia sẻ màn hình.
音声が聞こえていますか？	Can you hear me?	Bạn có nghe thấy tôi không?
接続に問題があります。	There is a connection problem.	Có vấn đề kết nối.
ミュートを解除してください。	Please unmute yourself.	Vui lòng bỏ tắt tiếng.
背景が見えています。	Your background is visible.	Nền của bạn đang hiển thị.
チャットに送ります。	I will send it in the chat.	Tôi sẽ gửi vào chat.
録音してもよいですか？	May I record this?	Tôi có thể ghi âm không?
