会議は午後3時に始まります。	The meeting starts at 3 PM.
プロジェクトの締め切りは来週の金曜日です。	The project deadline is next Friday.
このバグを修正してください。	Please fix this bug.
APIのドキュメントを確認しましょう。	Let's check the API documentation.
サーバーがダウンしています。	The server is down.
デプロイは明日の朝に予定されています。	The deployment is scheduled for tomorrow morning.
スプリントのレビューはいつですか？	When is the sprint review?
このコードをリファクタリングする必要があります。	We need to refactor this code.
ユーザーからのフィードバックを分析しました。	We analyzed the feedback from users.
新しい機能の要件定義を行いました。	We completed the requirements definition for the new feature.
テスト環境での確認が完了しました。	Verification in the test environment has been completed.
本番環境へのリリースを承認してください。	Please approve the release to the production environment.
データベースのマイグレーションが必要です。	A database migration is required.
セキュリティの脆弱性が発見されました。	A security vulnerability was discovered.
パフォーマンスの問題を調査しています。	We are investigating the performance issue.
ミーティングのアジェンダを送ってもらえますか？	Could you send the meeting agenda?
アクションアイテムをまとめます。	Let me summarize the action items.
次回のミーティングまでに確認します。	I will check it before the next meeting.
お時間をいただきありがとうございます。	Thank you for your time.
ご確認いただけますでしょうか？	Could you please confirm this?
プレゼンテーションの資料を準備しました。	I have prepared the presentation materials.
予算の承認が必要です。	Budget approval is required.
契約書の確認をお願いします。	Please review the contract.
納期は問題ありませんか？	Is the delivery date okay?
品質保証のテストを実施しました。	Quality assurance testing has been conducted.
ログファイルを確認してください。	Please check the log files.
エラーメッセージの詳細を教えてください。	Please tell me the details of the error message.
バックアップは正常に完了しました。	The backup completed successfully.
ネットワークの接続を確認してください。	Please check the network connection.
システムのアップデートが必要です。	A system update is required.
このタスクの優先度は高いです。	The priority of this task is high.
チームメンバーに連絡しました。	I contacted the team members.
レポートを共有していただけますか？	Could you share the report?
設計書を作成中です。	I am currently creating the design document.
コードレビューをお願いします。	Please do a code review.
ユニットテストを追加しました。	I added unit tests.
CI/CDパイプラインに問題があります。	There is a problem with the CI/CD pipeline.
クラウドインフラの構成を変更します。	We will change the cloud infrastructure configuration.
マイクロサービスのアーキテクチャを採用します。	We will adopt a microservices architecture.
コンテナ化によってデプロイが簡単になります。	Containerization makes deployment easier.
機械学習モデルのトレーニングが完了しました。	The machine learning model training has been completed.
データの前処理が必要です。	Data preprocessing is required.
モデルの精度を向上させる方法を検討しています。	We are considering ways to improve the model accuracy.
リアルタイム翻訳システムを開発しています。	We are developing a real-time translation system.
音声認識の精度が向上しました。	The accuracy of speech recognition has improved.
自然言語処理の技術を活用します。	We will utilize natural language processing technology.
会議の議事録を作成してください。	Please create the meeting minutes.
フォローアップの確認をお願いします。	Please follow up on the confirmation.
締め切りに間に合いますか？	Will you make it in time for the deadline?
ご連絡をお待ちしております。	I look forward to hearing from you.
