会議は午後3時に始まります。	Cuộc họp bắt đầu lúc 3 giờ chiều.
プロジェクトの締め切りは来週の金曜日です。	Hạn chót của dự án là thứ Sáu tuần tới.
このバグを修正してください。	Vui lòng sửa lỗi này.
APIのドキュメントを確認しましょう。	Hãy kiểm tra tài liệu API.
サーバーがダウンしています。	Máy chủ đang bị sự cố.
デプロイは明日の朝に予定されています。	Việc triển khai được lên lịch vào sáng mai.
スプリントのレビューはいつですか？	Khi nào có buổi đánh giá sprint?
このコードをリファクタリングする必要があります。	Chúng ta cần tái cấu trúc đoạn code này.
ミーティングのアジェンダを送ってもらえますか？	Bạn có thể gửi chương trình nghị sự của cuộc họp không?
アクションアイテムをまとめます。	Để tôi tóm tắt các mục hành động.
次回のミーティングまでに確認します。	Tôi sẽ kiểm tra trước buổi họp tiếp theo.
お時間をいただきありがとうございます。	Cảm ơn vì thời gian của bạn.
ご確認いただけますでしょうか？	Bạn có thể xác nhận điều này không?
セキュリティの脆弱性が発見されました。	Một lỗ hổng bảo mật đã được phát hiện.
パフォーマンスの問題を調査しています。	Chúng tôi đang điều tra vấn đề hiệu suất.
データベースのマイグレーションが必要です。	Cần thực hiện migration cơ sở dữ liệu.
機械学習モデルのトレーニングが完了しました。	Việc huấn luyện mô hình học máy đã hoàn thành.
リアルタイム翻訳システムを開発しています。	Chúng tôi đang phát triển hệ thống dịch thuật thời gian thực.
音声認識の精度が向上しました。	Độ chính xác của nhận dạng giọng nói đã được cải thiện.
会議の議事録を作成してください。	Vui lòng tạo biên bản cuộc họp.
締め切りに間に合いますか？	Bạn có kịp hạn chót không？
ご連絡をお待ちしております。	Tôi mong nhận được tin từ bạn.
品質保証のテストを実施しました。	Việc kiểm tra đảm bảo chất lượng đã được thực hiện.
ログファイルを確認してください。	Vui lòng kiểm tra các tệp nhật ký.
バックアップは正常に完了しました。	Sao lưu đã hoàn tất thành công.
システムのアップデートが必要です。	Cần cập nhật hệ thống.
コードレビューをお願いします。	Vui lòng thực hiện review code.
CI/CDパイプラインに問題があります。	Có vấn đề với pipeline CI/CD.
マイクロサービスのアーキテクチャを採用します。	Chúng tôi sẽ áp dụng kiến trúc microservices.
コンテナ化によってデプロイが簡単になります。	Container hóa giúp việc triển khai dễ dàng hơn.
