The meeting starts at 3 PM.	Cuộc họp bắt đầu lúc 3 giờ chiều.
The project deadline is next Friday.	Hạn chót của dự án là thứ Sáu tuần tới.
Please fix this bug.	Vui lòng sửa lỗi này.
Let's check the API documentation.	Hãy kiểm tra tài liệu API.
The server is down.	Máy chủ đang bị sự cố.
The deployment is scheduled for tomorrow morning.	Việc triển khai được lên lịch vào sáng mai.
When is the sprint review?	Khi nào có buổi đánh giá sprint?
We need to refactor this code.	Chúng ta cần tái cấu trúc đoạn code này.
We analyzed the feedback from users.	Chúng tôi đã phân tích phản hồi từ người dùng.
We completed the requirements definition for the new feature.	Chúng tôi đã hoàn thành định nghĩa yêu cầu cho tính năng mới.
Verification in the test environment has been completed.	Việc xác minh trong môi trường kiểm thử đã hoàn tất.
Please approve the release to the production environment.	Vui lòng phê duyệt việc phát hành lên môi trường production.
A database migration is required.	Cần thực hiện migration cơ sở dữ liệu.
A security vulnerability was discovered.	Một lỗ hổng bảo mật đã được phát hiện.
We are investigating the performance issue.	Chúng tôi đang điều tra vấn đề hiệu suất.
Could you send the meeting agenda?	Bạn có thể gửi chương trình nghị sự của cuộc họp không?
Let me summarize the action items.	Để tôi tóm tắt các mục hành động.
I will check it before the next meeting.	Tôi sẽ kiểm tra trước buổi họp tiếp theo.
Thank you for your time.	Cảm ơn vì thời gian của bạn.
Could you please confirm this?	Bạn có thể xác nhận điều này không?
I have prepared the presentation materials.	Tôi đã chuẩn bị tài liệu thuyết trình.
Budget approval is required.	Cần có sự phê duyệt ngân sách.
Please review the contract.	Vui lòng xem xét hợp đồng.
Is the delivery date okay?	Ngày giao hàng có ổn không?
Quality assurance testing has been conducted.	Việc kiểm tra đảm bảo chất lượng đã được thực hiện.
Please check the log files.	Vui lòng kiểm tra các tệp nhật ký.
Please tell me the details of the error message.	Vui lòng cho tôi biết chi tiết thông báo lỗi.
The backup completed successfully.	Sao lưu đã hoàn tất thành công.
Please check the network connection.	Vui lòng kiểm tra kết nối mạng.
A system update is required.	Cần cập nhật hệ thống.
The priority of this task is high.	Mức độ ưu tiên của nhiệm vụ này là cao.
I contacted the team members.	Tôi đã liên hệ với các thành viên trong nhóm.
Could you share the report?	Bạn có thể chia sẻ báo cáo không?
I am currently creating the design document.	Tôi đang tạo tài liệu thiết kế.
Please do a code review.	Vui lòng thực hiện review code.
I added unit tests.	Tôi đã thêm các unit test.
There is a problem with the CI/CD pipeline.	Có vấn đề với pipeline CI/CD.
We will change the cloud infrastructure configuration.	Chúng tôi sẽ thay đổi cấu hình hạ tầng đám mây.
We will adopt a microservices architecture.	Chúng tôi sẽ áp dụng kiến trúc microservices.
Containerization makes deployment easier.	Container hóa giúp việc triển khai dễ dàng hơn.
The machine learning model training has been completed.	Việc huấn luyện mô hình học máy đã hoàn thành.
Data preprocessing is required.	Cần tiền xử lý dữ liệu.
We are considering ways to improve the model accuracy.	Chúng tôi đang xem xét các cách để cải thiện độ chính xác của mô hình.
We are developing a real-time translation system.	Chúng tôi đang phát triển hệ thống dịch thuật thời gian thực.
The accuracy of speech recognition has improved.	Độ chính xác của nhận dạng giọng nói đã được cải thiện.
We will utilize natural language processing technology.	Chúng tôi sẽ sử dụng công nghệ xử lý ngôn ngữ tự nhiên.
Please create the meeting minutes.	Vui lòng tạo biên bản cuộc họp.
Please follow up on the confirmation.	Vui lòng theo dõi xác nhận.
Will you make it in time for the deadline?	Bạn có kịp hạn chót không?
I look forward to hearing from you.	Tôi mong nhận được tin từ bạn.
This feature will be released in the next version.	Tính năng này sẽ được phát hành trong phiên bản tiếp theo.
We need to scale the system to handle more users.	Chúng ta cần mở rộng hệ thống để xử lý nhiều người dùng hơn.
The API endpoint is returning an error.	Điểm cuối API đang trả về lỗi.
Please update the dependencies to the latest version.	Vui lòng cập nhật các dependency lên phiên bản mới nhất.
The user interface needs to be more intuitive.	Giao diện người dùng cần trực quan hơn.
We should implement caching to improve performance.	Chúng ta nên triển khai bộ nhớ đệm để cải thiện hiệu suất.
The database query is taking too long.	Truy vấn cơ sở dữ liệu đang mất quá nhiều thời gian.
We need to add more error handling.	Chúng ta cần thêm xử lý lỗi.
The documentation needs to be updated.	Tài liệu cần được cập nhật.
Let's schedule a meeting to discuss this further.	Hãy lên lịch cuộc họp để thảo luận thêm về vấn đề này.
